Country Name,1996,1997,1998,1999,2000,2001,2002,2003,2004,2005,2006,2007,2008,2009,2010,2011,2012,2013,2014,2015,2016,2017,2018,2019,2020,2021,2022
Aruba,,,,,,,,,,,,,,,,,,,,,,,,,,,
Africa Eastern and Southern,18.53572541,17.68706981,18.72622639,17.04352897,17.69200151,17.58304217,16.66691606,17.332271,18.08843728,18.62009913,19.38288057,20.97085148,23.02644521,23.25115082,21.08315575,21.4636747,21.42070303,21.89536757,22.38979156,21.81077958,20.58960404,20.5962921,20.34702686,21.09980869,20.52912333,19.98559669,19.50587794
Afghanistan,,,,,,,,,,,,,,,,,,,,,,,,,11.45562833,12.98670367,
Africa Western and Central,,,,,,,,,,,,,,,,,,,,,,,,,,,
Angola,,,,,,,30.32665299,29.67477839,30.60773919,27.79224616,21.94765405,25.15584754,29.21997371,42.79248839,28.2365041,26.39240365,26.68083714,26.15849908,27.47881001,28.20960509,26.21321467,23.24231667,17.19469862,17.71225524,26.4904005,26.43736188,25.67231961
Albania,21.79445147,20.11538554,21.48869164,23.54310699,31.90659199,36.72931712,36.05552225,35.89389705,37.79569067,37.91985083,38.07024698,36.38474182,33.94929748,32.70891029,28.42847186,29.36623267,26.48867694,26.07955762,24.15867355,24.41349028,24.36793122,24.57650336,23.86262697,22.31329842,22.64950604,24.35361461,23.88699038
Andorra,,,,,,,,,,,,,,,,,,,,,,,,,,,
Arab World,22.48681503,21.89379017,23.07649652,21.1483121,19.13152418,20.24710795,20.66413268,21.1335559,20.85784043,20.9871478,21.3932453,23.20043386,23.19284144,25.35717673,24.21681901,22.35624372,21.15477435,21.70445828,22.53723112,25.13078151,23.757435,22.22837308,21.21719838,22.26748121,21.65013139,20.53098056,20.37304622
United Arab Emirates,,,,,,20.97810225,21.07141741,20.79147637,18.68411572,18.37912798,17.57821121,23.57302652,22.3738986,28.9130022,23.90250995,20.83182599,20.27032496,17.75343037,19.06036111,22.61156229,23.64431238,18.73814761,17.12829767,18.36949815,20.20557101,,
Argentina,18.08218126,19.37012354,19.93496169,18.0140244,16.19264939,14.17911832,11.96064809,15.13750756,15.89378728,17.3511469,18.33118672,19.51607916,19.01016098,15.58175264,16.64146616,17.2482847,15.85752542,16.28951119,15.97995408,15.56474508,14.27236275,15.16219875,15.2510495,14.19904614,14.28250537,17.62588827,17.88430916
Armenia,17.88451095,16.20419366,16.21597597,16.41956918,21.71400015,20.83744658,24.8429527,27.08676191,28.1078274,35.09419069,41.85068025,43.50453186,46.83331579,42.88387857,39.37510944,30.73674486,23.59883562,21.212512,19.99505739,20.6125616,17.35771966,17.648376,16.74091087,15.81559843,17.77392125,21.20394186,20.26585981
American Samoa,,,,,,,,,,,,,,,,,,,,,,,,,,,
Antigua and Barbuda,,,,,,,,,,,,,,,,,,,,,,,,,,,
Australia,24.14867412,24.03833544,25.15884869,25.37491537,25.93764053,23.20278993,24.29519093,26.05029461,26.63059014,27.01098502,27.78913249,27.39822759,28.21166655,27.60184583,27.02906589,26.01866139,27.40416777,27.83813405,26.86474609,26.20233601,25.33057333,23.99416157,24.36525767,23.28590871,22.64912088,22.45826873,23.02015111
Austria,25.79184454,25.41941195,25.4702182,24.95924221,25.61168088,24.79662177,23.53057015,24.10811565,23.59150835,23.05211575,22.60075583,22.91702768,23.27646562,22.41300826,21.59672377,22.47171545,22.64929279,23.04019756,22.66055247,22.69670746,23.09628743,23.62854076,24.09512926,24.91439257,24.97849895,25.82738211,25.29708801
Azerbaijan,29.10780941,36.99141943,35.51415451,28.51050303,23.13643204,22.88170667,34.08,52.88183027,57.71025298,41.30884408,29.70095273,21.39948167,18.5787748,18.81943177,18.16672554,20.17760455,22.45518662,25.79388814,27.43039375,27.82530342,25.03458822,23.81720782,20.69407681,21.1295518,22.66647928,16.22712525,12.87830897
Burundi,8.365184341,6.096849475,6.771614193,5.88493632,2.78113771,4.468258563,3.948660199,7.868790037,10.34709713,18.3,17.21298572,14.7864583,13.30895869,18.3748732,16.46038239,15.44574742,14.83816608,13.43262939,14.40305721,12.32608239,9.403651262,8.984054528,11.10344012,14.12871,11.44597,13.11261,13.38687082
Belgium,21.18466301,21.8542937,21.7804885,22.16653543,22.50706383,22.39027083,20.69642412,20.49418884,21.46185041,22.15389359,22.32543906,23.29301444,24.11814191,22.78450141,22.12308693,23.01037482,22.96188746,22.17300448,22.80584303,22.96342177,23.27775444,23.2785028,23.62267384,24.2834509,24.0789699,23.92246878,23.89982173
Benin,16.34026602,17.22596062,17.27875476,20.05968561,18.72600357,19.06306631,16.91268416,17.5433639,16.08666085,15.04108686,14.16144095,17.05747393,15.84500887,16.56555047,17.64999674,18.226328,16.2040296,20.70826275,21.6376627,20.49573923,19.72249305,23.4384504,25.90056276,25.17325563,25.20651739,28.44744444,36.13296842
Burkina Faso,22.55213559,24.22601591,22.37186228,17.09129272,16.49092883,13.66418715,13.35961387,14.39923886,15.63492283,15.4378656,15.89519415,18.18322396,17.30189639,18.79157105,20.12277427,21.11375025,22.15505363,23.48258207,18.66126058,19.14721161,20.2451558,20.89032521,20.15229636,18.84015652,16.9959758,17.10578751,16.29161948
Bangladesh,20.7299506,21.81621451,22.12141282,22.7213703,23.80856257,24.17430673,24.34141614,24.67918886,24.99183394,25.83043551,26.14414575,26.17849707,26.2022714,26.20605702,26.24665618,27.42097337,28.26233501,28.38962075,28.57787571,28.88668925,30.23976392,30.94687178,31.82257839,32.21372984,31.30793819,31.01873874,32.04727558
Bulgaria,4.452209027,9.680986963,14.59375833,16.25537038,16.73117183,19.26591832,18.97725984,19.80513845,20.95071667,25.66516452,27.43774506,28.28880359,32.97962008,27.78101395,22.18222673,20.83925147,21.12244029,21.18253243,21.0608579,20.85977881,18.41046385,18.30381274,18.76316601,18.61678099,19.07266536,16.34753512,17.05948554
Bahrain,12.38286241,11.97587182,14.02950411,13.57702404,16.38842017,16.97367446,23.11181095,23.5722708,22.51388423,25.68651486,29.49945313,33.55127239,34.5226692,25.25991997,26.04551628,21.06663586,26.83730996,24.76370758,25.60025745,24.07203744,25.76410747,28.34945502,29.46166736,27.79261003,28.89543,24.61239029,
"Bahamas, The",27.68550845,28.11747911,31.16100462,27.67615798,27.99614188,25.40205799,22.89790973,23.04260723,22.01586034,26.1442427,32.34404583,29.38029862,28.28614858,26.77430084,26.69338415,28.3661604,30.30950338,28.56620653,30.79053832,23.91950586,25.05531538,26.79316114,25.29714864,25.36240208,23.34180797,22.92324508,20.383178
Bosnia and Herzegovina,34.03526728,34.21655688,32.56667167,23.89676236,30.527894,28.41306743,28.31586521,27.15442878,26.29347679,28.66369358,22.73077666,26.80432678,28.77004183,23.70633169,20.75989056,21.9769289,21.86651206,21.02366451,22.8936206,20.87495988,20.47006346,21.65240327,22.42036906,22.7166807,22.11166782,21.3959942,
Belarus,21.07913407,25.23103345,25.93465032,26.32697127,25.2015481,22.66904246,21.9847427,23.74824968,25.31735205,26.51662668,29.66076678,31.37632468,33.30374726,35.53743262,38.82708438,37.68588586,33.41611021,37.18684605,33.22453741,28.65420977,25.43997304,26.15841434,26.22710922,27.03440905,25.36517923,22.57136234,19.42113349
Belize,18.22404724,17.77634279,16.58084503,21.44649563,24.93555522,22.2641382,20.1598985,17.05625565,15.88026781,16.65527914,16.86411959,17.69951798,22.17309205,16.64920569,13.68930064,13.97479351,13.0497696,14.59416038,16.56696345,16.31822434,18.0003414,15.40611528,16.56952342,16.77280301,17.22087271,20.0452465,20.79629299
Bermuda,,,,,,,,,,,,,,,13.04302674,12.58254206,11.01442918,10.89311134,12.094597,11.89258583,12.80320862,13.76364473,13.4097576,14.74851703,12.23828967,13.2688854,12.52584151
Bolivia,16.17636874,18.96895135,23.15321599,19.0973227,17.88747896,13.92677322,15.64964696,12.66392267,11.68712102,12.99084691,14.29667967,16.13959369,17.24871715,16.4792608,16.57224535,18.96562563,18.36287724,19.06008183,20.98204962,21.37105961,20.67048419,21.26835535,20.16608925,18.97525996,15.57213867,16.63031117,16.84205409
Brazil,18.64065378,19.12290113,18.5423485,17.01629422,18.30448803,18.4180865,17.92625082,16.60475915,17.32023332,17.05618346,17.21029957,17.99576134,19.38532955,19.10195804,20.53467365,20.6089642,20.71671278,20.91192188,19.8730289,17.83580704,15.52432733,14.55898652,15.09691196,15.47116975,16.56102156,18.89618884,18.82255542
Barbados,12.58308793,15.32736318,18.7592658,19.01802257,17.98659912,16.35783271,17.65330758,18.35488394,19.10291769,18.79172667,21.15140666,18.85216089,18.1526566,16.75960139,15.68696688,16.85529594,15.95630547,16.29051019,16.29280313,16.6539924,16.15324262,15.39671093,14.04040898,14.27046863,17.72073099,17.07765432,16.90365705
Brunei Darussalam,41.31429364,35.49306725,33.80530973,21.38001796,12.95766109,14.63579498,21.19596867,14.98378305,13.43154666,11.35449511,10.46538424,12.9940136,13.67248589,17.54882681,23.53130016,25.91511823,32.76573259,39.45845665,27.27616832,35.02643717,34.36787148,34.58752247,40.89139978,38.50702739,40.37762875,31.08439132,25.67803335
Bhutan,37.75735903,32.67821892,34.17130444,40.03437752,52.19694446,61.64682576,62.80975481,61.0693806,65.12796051,53.03423311,47.50258375,32.84544123,42.62705657,47.09607088,61.93963581,69.57143057,69.39482085,47.34078593,54.78617303,55.69527043,56.55606542,54.26419904,53.60364349,45.79967641,38.57053682,43.98970182,
Botswana,23.01348442,26.17335414,28.11252717,26.67991515,25.14247788,25.91849909,27.47239656,28.01585283,27.84177356,25.33981253,20.26153137,24.56792259,25.38575028,28.33510353,26.76489412,30.19829213,31.46583173,27.58975352,25.43543744,27.10328568,24.51917227,24.17917645,26.3934732,28.84966512,27.63074699,26.41252926,24.28441749
Central African Republic,6.696014649,7.838583965,8.249939108,12.9619644,11.07229594,10.24082921,9.624946666,6.404792507,6.812138026,9.864817356,10.23421102,10.68724058,12.72838729,12.92174239,16.13642323,13.4133986,10.76960051,6.349848525,21.15590576,20.57277537,20.87763843,24.23802733,16.39798,14.38813,18.29877,15.72306,14.93227
Canada,18.80676968,20.300145,20.55491585,20.19035298,19.59933566,20.15176469,19.97491805,20.01240096,20.87459685,21.83742938,22.88520314,23.33899573,23.46901704,22.30696975,23.46123696,23.5104954,24.49418648,24.18721208,24.38932937,23.85058193,22.77237646,22.69633255,22.67609023,22.57997729,23.52072539,24.00911214,23.10132985
Central Europe and the Baltics,23.24860269,24.48005149,25.09423673,24.8411521,24.4492031,23.53960889,22.68536834,22.771773,22.92221013,23.52084856,24.69557669,27.10692585,27.39388879,23.58558781,21.92031162,22.45981102,21.83122982,21.31324566,21.73749253,22.31338421,20.54564278,20.53780077,21.35879641,22.07363087,21.78407153,21.1937515,21.49133786
Switzerland,25.60227504,25.67863687,26.82017785,27.25403898,27.512043,26.8655928,27.07893441,26.53006491,27.31186451,27.26299806,27.06025537,27.20725767,26.73427236,25.21485167,25.18862901,25.51884898,26.26890324,26.22760289,26.41818989,26.41120411,26.49981682,27.14888895,26.60269394,26.62220419,26.9939096,26.33656978,26.25045893
Channel Islands,,,,,,,,,,,,,,,,,,,,,,,,,,,
Chile,27.89725814,28.6348402,27.57859246,22.41246435,22.04308336,22.48808088,22.2745049,22.08962725,21.39857928,23.36879522,21.06470602,21.97984327,26.8810653,24.1203156,23.0154606,24.72039221,26.75266241,26.34868281,25.47354032,25.47037104,24.12919762,22.25766463,23.04979265,24.52203198,22.54683427,23.14340852,24.82802778
China,31.64200474,31.0030962,32.88259458,32.53712589,32.57741759,33.45352637,35.05836605,38.25768533,39.52966373,39.42581557,38.7254881,37.89246834,39.06117809,43.81157102,43.92930477,43.86136146,44.24983199,44.51876555,43.8560937,42.09432828,41.55236492,41.8611853,42.84303114,42.82258435,42.48607855,41.95125398,41.97277344
Cote d'Ivoire,19.19350525,18.0276618,18.20578677,19.26633436,16.36206805,15.34076825,15.45886395,12.8438508,13.49333136,13.73747376,14.2436392,16.69714714,16.11778346,16.10816078,20.70317397,17.84705923,17.11227154,20.73120222,22.47607017,23.5616685,23.2965013,21.91091875,22.46655036,21.19664356,23.98212512,23.95323327,25.1027664
Cameroon,17.51499258,18.16000905,18.56512711,17.50944651,17.49022333,19.23158532,19.51490012,18.36332315,18.8910238,18.58028377,17.85567821,18.58305078,19.8958105,18.59924321,18.52583587,18.93489064,18.19665798,18.39354376,19.436914,18.61178163,19.45761488,19.29614069,19.55004135,19.08850679,18.19229915,18.19712061,18.02336232
"Congo, Dem. Rep.",27.09570595,2.500000031,2.100000021,3.069010671,14.41831117,6.662787904,7.428933449,9.424783611,12.14211295,11.67610953,14.58487107,13.61243616,10.74620706,14.49306587,28.72191135,24.81535161,14.24796661,21.73920296,23.11102717,18.34122296,17.16491427,24.77373775,20.39247415,20.33974868,24.27666069,27.16107464,15.32083804
"Congo, Rep.",31.7209356,21.59902633,24.33675333,26.58524805,20.91166848,26.26875946,22.54294741,25.48002788,21.90546992,23.42333118,25.35507741,58.68632809,39.54562085,52.82920501,38.77981189,33.86871681,38.15147808,47.06191186,54.82598075,78.00091344,77.82149046,36.66445486,26.34578058,26.11553392,23.25573435,22.13867931,20.69055579
Colombia,21.59582071,20.20562069,18.93646066,13.24785428,14.12931411,15.39953332,16.72529685,18.1097505,18.83175961,20.95615432,22.57759353,24.07737581,21.91378102,22.64670816,22.0429732,21.91582542,21.12520949,21.3383971,22.67050988,23.3747819,22.12965771,21.72279192,21.22787108,21.26910726,18.30703729,18.98362047,18.91363319
Comoros,17.1164899,17.11642994,17.11640931,17.11640905,17.11642693,17.11646954,17.11644261,17.11645197,17.11646375,17.11644398,17.11645599,16.01074128,18.69449668,16.6441196,17.86245315,16.7272315,16.69605948,16.21637963,15.23749568,13.4963324,12.47559196,13.32325981,14.75945763,12.62817351,10.9568843,13.2917591,12.96171886
Cabo Verde,,,,,,,,,,,,,,,,,,,,,,,,,,,
Costa Rica,17.95231936,19.2696393,22.11804612,21.08700917,19.68958206,19.83481568,19.78399662,19.79017552,19.87815645,19.95180243,20.2930668,22.36499928,23.74497153,21.00356297,19.45640929,19.43251566,20.0288559,19.81561008,19.83994956,18.98892625,18.82454301,18.17776069,18.20286676,16.25416648,16.1681535,16.86629041,16.95036685
Caribbean small states,,,,,,,,,,,,,,,,,,,,,,,,,,,
Cuba,11.66789375,11.74410941,12.13071116,11.60248421,11.87682805,10.78611469,9.151694676,8.202789879,8.474465356,8.961435812,10.40141972,9.688433705,10.82700312,8.675902062,8.646312648,7.711262502,7.761720512,8.243894851,7.303849306,8.64312865,8.811386737,9.874998289,11.44727223,11.21170751,9.814460493,10.49928845,11.479025
Curacao,,,,,,,,,,24.89456088,24.82796767,26.22250503,28.0465653,27.2986548,27.45270612,31.10089521,26.99993023,28.86877812,26.5085877,26.24189288,29.26565948,28.72641581,34.04735694,,,,
Cayman Islands,,,,,,,,,,,,,,,,,,,,,,,,,,,
Cyprus,24.06901737,24.55466017,19.68161913,21.33787169,20.08392464,19.02242038,20.94726151,20.28625594,20.6456607,21.52648852,25.07775304,25.54801026,27.18297347,23.43930091,22.45218876,19.03630116,15.50522389,14.11508007,13.34452963,12.87620375,18.11515351,20.86376062,18.83563003,18.95025929,21.12801057,19.45725286,20.36565144
Czechia,34.42991819,32.59082589,31.02497236,30.06711546,31.19312036,31.10906563,29.76890964,29.39090163,28.76964751,28.78846214,28.44369436,29.93323285,29.24840336,27.61481114,27.14881777,26.75486415,26.15536847,25.35988246,25.40362274,26.53804727,24.94264493,24.9162793,26.29988647,27.06764295,26.54742026,26.00811267,26.78309223
Germany,23.02730329,22.65063866,22.7982248,23.03867967,23.11432893,21.77819511,20.12178589,19.52332506,19.09101356,19.07669852,19.80289969,20.05653018,20.30296604,19.26753975,19.54250507,20.3708475,20.32109306,19.90147082,20.04027423,20.01982698,20.29830225,20.41148888,21.06520673,21.31610686,21.5407215,21.29945127,22.08501319
Djibouti,,,,,,,,,,,,,,,,,,25.04575735,28.11635952,30.33558946,27.72287723,26.11206826,28.49373839,29.79518903,29.68100884,29.71906733,29.52017864
Dominica,,,,,,,,,,,,,,,,,,,,,,,,,,,
Denmark,19.6049059,20.8150674,21.56617658,20.91995519,21.50761487,21.30337657,20.63892929,20.69939748,20.6627018,21.1733752,23.27271812,23.51340168,22.94394473,20.16890013,18.11368898,18.15822844,18.77770094,19.0523918,19.16365612,19.85062937,21.0247729,21.22570993,21.72730154,21.2408577,22.15879469,22.11241984,21.73997756
Dominican Republic,19.19019619,20.14011673,25.28227056,23.15008357,25.04435713,23.57825989,24.75224704,20.05372035,20.43936113,22.61261991,25.88014001,27.03742999,28.11153483,23.1617171,25.19689949,24.74107058,24.08004513,22.31367641,22.78036726,23.2557687,22.94514776,23.73025916,25.78095718,26.77385662,27.34566985,30.9934684,33.17787641
Algeria,24.87937806,22.95158624,25.74809903,24.39007744,20.67724276,22.83977268,24.57140785,24.08773188,24.01813138,22.37031975,23.16563541,26.32475153,29.23242963,38.23645105,36.28319042,31.67081513,30.7991105,34.18381601,36.81532879,42.25688199,43.07444032,40.78134258,40.2642999,38.38157677,38.43664251,34.85844207,29.80194158
East Asia & Pacific (excluding high income),32.11750525,30.72352871,30.24489577,28.80607469,29.33015396,30.33164428,31.32501597,33.66608872,35.14880342,35.49511576,34.95517214,34.62164554,35.91426821,40.17844681,40.17123736,40.33389543,41.06427373,41.41403906,41.047696,39.84862998,39.34991929,39.61965934,40.56285417,40.43244674,40.12271718,39.92570243,39.7452364
Early-demographic dividend,21.65267039,22.39515764,22.61585169,21.56352574,20.96457658,21.17811795,21.09206192,21.31890391,22.56501936,23.25716992,24.19378692,25.58885706,25.6493852,25.41966026,25.16136513,25.71235884,25.60886909,25.14826271,25.17983326,25.50645635,25.20643506,25.12853122,25.42381566,24.98055807,24.3292196,24.94307224,25.20082545
East Asia & Pacific,31.58909893,30.57129949,29.30914444,28.64504696,28.6575868,28.09325797,27.52618968,28.05338844,28.47595912,29.08714768,29.45016303,29.40341963,30.29720584,31.61779039,31.56921226,32.23293618,33.16041155,34.36722323,34.60856331,34.19961834,33.68933734,34.13003815,34.93076321,34.94389746,34.88526461,35.19274501,35.48443674
Europe & Central Asia (excluding high income),21.04123485,20.69066482,20.04510123,18.12224975,19.98009611,19.3585293,19.31254645,20.21592275,21.96078089,22.12861008,23.15334835,24.4098254,24.66437158,23.03813128,23.09921861,23.32834633,23.380792,23.87158925,23.66820407,23.94250469,24.36602924,24.24330683,23.27223448,22.64753825,23.17567866,21.87070685,22.38797675
Europe & Central Asia,21.17926273,20.88347073,21.29826364,21.532641,21.8794403,21.49994098,20.98260435,20.93872948,21.15371859,21.45876687,22.13699639,22.85694286,22.76752968,20.99381764,20.59987872,20.76892244,20.52487397,20.29497268,20.27946797,20.61877769,20.93958498,21.23693025,21.28695564,22.00061807,21.95090474,21.59477472,22.00355937
Ecuador,16.75347766,17.06703062,18.89615547,16.65743846,19.01478175,19.05148469,20.6893985,19.24185343,19.70155167,20.42242427,20.8531747,20.76927799,22.37358234,22.80511933,24.6248273,25.82195689,26.96384527,27.55361501,27.21442003,26.5790661,25.09642408,25.4048967,25.58308878,24.88993022,21.21913234,21.1957542,21.32946699
"Egypt, Arab Rep.",23.92689625,25.75434374,21.3460682,20.8140117,18.9499559,17.7256203,17.81472684,16.31137725,16.40222543,17.92014856,18.73077546,20.85123523,22.27805695,18.9119171,19.21100613,16.70921158,14.69516928,12.98645453,12.44600939,13.65440484,14.46814793,14.72414453,16.49307788,18.17190851,14.13548744,13.24458585,15.20688556
Euro area,21.43908145,21.34382539,21.78189136,22.34614591,22.7747193,22.33656753,21.63951768,21.52787426,21.6301733,21.97536274,22.64656968,23.14468464,22.82710541,21.02674689,20.55954868,20.63183054,20.12524485,19.52575402,19.47734085,19.88387947,20.25804687,20.59608944,20.96389567,22.15037021,22.00712643,21.87401348,22.38933886
Eritrea,27.58925736,31.28072738,32.28685892,45.51417965,21.99675676,35.26062176,29.54893233,26.54396041,20.26292175,20.33943972,13.68111654,12.67357541,12.71354048,9.263795978,12.38540149,12.62631766,,,,,,,,,,,
Spain,21.68690707,22.13134643,23.2767319,24.73162863,25.94084134,25.87729121,26.15575704,27.09861816,27.8076229,29.01158885,30.02730561,29.86223652,27.83646571,23.1132221,21.78894742,20.02175297,18.52752002,17.36494503,17.77199092,18.00606998,17.95086233,18.66094562,19.43716,20.03206711,20.42269506,20.10234887,20.07684326
Estonia,27.03013883,28.59618255,31.33680271,25.90499311,26.68719604,27.43088697,30.56170726,32.75952018,31.72150351,32.8627283,36.80028565,36.39241174,31.13061786,22.67824552,21.23421836,26.45773381,28.71008148,27.90031339,25.74393365,24.49418511,24.43050849,25.91824303,27.09491868,25.41187064,31.17935049,28.86395647,25.31928182
Ethiopia,,,,,,,,,,,,,,,,32.10766647,37.09796197,34.08111832,37.9937253,40.67127298,37.3487737,38.44398637,34.72881719,35.26398392,30.57896785,28.02529772,25.3400791
European Union,21.40152444,21.38929252,21.85252915,22.37273826,22.80009439,22.35562027,21.65504872,21.55432692,21.65728679,22.0216309,22.76336518,23.43342872,23.23690553,21.26938111,20.70070795,20.80832758,20.33679493,19.76661851,19.80037456,20.22729849,20.44954394,20.76688486,21.15997966,22.20837137,22.10803015,21.95059487,22.45466794
Fragile and conflict affected situations,,,,,,,,,,,,,,,,,,,,,,,,,,,
Finland,20.50292409,21.36146633,22.2097714,22.44397869,23.05741634,22.87523854,21.60203656,21.78333959,22.25777599,22.91802024,22.76384206,24.19549692,24.49386148,22.95498688,22.29633842,22.61639006,23.07784139,22.0080168,21.47203681,21.22998321,22.74478434,23.34899095,24.07501007,23.82618049,24.04279989,23.58452593,24.22639543
Fiji,17.56887117,19.45286628,26.04524874,24.67734487,18.19280341,19.33645147,22.58918444,26.87407089,27.35456536,18.76000643,17.91292059,14.53762616,20.86069331,15.95486155,15.93774469,18.07697856,14.92644291,25.97321571,19.25259543,19.81186287,19.37350208,19.21769168,18.7961992,18.04569646,19.19532055,18.87782907,18.42232549
France,19.86015751,19.51937573,19.90116104,20.80929394,21.51428562,21.51332727,20.95332684,21.03484098,21.36466788,21.79737868,22.45076295,23.18266576,23.59610115,22.06750388,22.10541932,22.42387055,22.45811479,22.04186778,21.81968727,21.49927767,21.81539204,22.4956709,22.8926343,23.47742792,23.27424938,24.4671914,25.19783319
Faroe Islands,,,,,,,,,,,,,,,,,,,,,,,,,,,
"Micronesia, Fed. Sts.",,,,,,,,,,,,,,,,,,,,,,,,,,,
Gabon,23.46196,30.15020452,38.41209907,26.16858187,21.90205643,22.74519248,25.10644311,22.63881283,21.49601272,20.98150201,23.16961739,23.64492696,25.02588259,29.52852496,31.40718532,28.680217,27.73728223,29.94537965,35.69513641,29.23095629,26.98226104,21.29646742,19.25823243,21.89879657,19.899426,16.78918348,15.56641031
United Kingdom,18.61365967,17.17171611,17.54510011,17.49373112,17.80937032,17.74284879,17.7182382,17.51077218,17.47773577,17.59107603,17.82827617,18.14704685,17.64884538,16.14589857,16.05728876,15.71163065,15.75635389,15.96779092,16.57233181,17.37445935,17.90489771,18.24803288,17.99578498,18.19325751,17.46376922,17.68095587,18.34404689
Georgia,18.56546207,18.45856989,25.55341391,26.20758199,25.44738297,27.23491459,24.48476931,27.3525531,28.16180288,28.786927,26.21338806,26.37903235,22.03838552,15.71333259,18.91932764,20.31383077,22.11493611,18.78949817,21.85451741,24.3521438,26.5227704,25.49212985,25.14764773,24.03294698,22.38174811,20.92277815,19.91252262
Ghana,20.29865858,23.83550385,22.36355227,20.4674438,23.09813093,27.1229213,18.77494577,22.93692798,28.37750668,29.00214064,22.46580574,15.38454499,16.49196394,15.47882959,11.76409219,11.97694023,16.10990938,24.03899898,26.42288016,27.01262567,24.82616906,18.88642505,21.19909402,18.03819347,17.66074711,16.75365045,16.0354902
Gibraltar,,,,,,,,,,,,,,,,,,,,,,,,,,,
Guinea,19.10919404,19.63335376,17.87886776,18.9103166,19.59366978,15.49944042,14.2990505,19.81333002,19.74645289,18.55460714,19.95276094,24.66996098,22.58947766,20.93560567,19.13718732,23.60218863,25.11777935,23.42938551,22.71136995,23.96917239,52.41831683,25.76582414,19.46740955,17.79924111,16.47117037,14.76526062,14.99896511
"Gambia, The",6.779200574,5.175169509,4.884402019,4.755047184,4.562497397,11.17274014,7.278327629,10.03888601,14.31837652,13.83185067,15.69068531,12.56652088,10.52243473,12.8914138,13.87671053,12.89616829,20.87716865,14.71153313,16.6526122,20.34981404,24.91993062,22.95972668,20.87682728,22.03817466,27.50824977,29.19716885,33.66345934
Guinea-Bissau,23.05207551,23.99925484,11.17980296,15.39890893,11.64305526,10.12896872,7.310580324,8.972637128,8.713351415,10.66448746,10.60597737,12.35389636,12.6884114,10.70761341,10.66704802,9.828679557,5.885066531,6.189984877,9.602612566,9.445086502,7.748381957,8.931591833,20.86010799,20.44129437,24.3294985,,
Equatorial Guinea,,,,,,,,,,38.80482498,27.14018535,30.19735145,28.1900366,53.61273149,42.32165507,38.16056081,46.55954576,30.17013666,28.57708471,24.53096818,16.55043316,13.95655302,12.68014344,11.39298186,,,
Greece,20.79180414,20.19378063,23.71572753,24.5016329,24.64121644,24.73679322,23.60249705,25.32475703,24.39502051,20.82895123,23.68587469,26.01185065,23.81373244,20.79147969,16.55926587,13.67615105,11.52963036,11.19688046,10.83428513,10.77003995,11.00813932,11.78913387,11.14774843,10.68743166,12.08365631,13.3139506,13.69491581
Grenada,,,,,,,,,,,,,,,,,,,,,,,,,,,
Greenland,,,,,,,,19.35609528,16.31696081,24.15826054,23.13912208,30.49815061,40.29841374,32.21237503,52.35331723,64.0087149,37.67208018,30.09516231,22.59795624,24.02966611,24.49667192,23.61529351,21.74118086,31.26950936,31.77993624,33.33628262,
Guatemala,13.32993918,15.1125539,16.64630058,17.8918289,16.12561254,18.60193668,19.61979751,18.96159189,18.64025871,18.58989157,20.43683642,19.90588467,18.22684543,15.37760321,15.04883901,15.04591634,15.02692489,15.09056771,15.17177758,14.51658077,13.87171705,13.60942934,13.69589526,14.37929263,13.70321532,16.20163749,16.76099845
Guam,,,,,,,,,,,,,,,,,,,,,,,,,,,
Guyana,31.85720693,31.88794199,28.92075512,24.99795472,23.77598249,21.5703447,20.86049903,20.95211587,23.54568087,32.33397827,,,,,,,,,,,,,,,,,
High income,23.89556503,23.57081516,23.47079116,23.75419688,23.98670005,23.26691999,22.36006892,22.26333912,22.45563651,22.93881076,23.24999963,23.23515456,22.82295562,21.05517201,20.60790015,20.87435081,21.14178212,21.06277073,21.29899554,21.56390358,21.57389441,21.74861915,21.86816204,22.23513277,22.41506895,22.30156031,
"Hong Kong SAR, China",31.0100939,33.30344925,30.20035564,25.8047383,26.50584934,25.79851371,22.74467546,21.65462823,21.82013123,21.39697265,22.42676527,20.61818948,20.54457808,20.46424729,21.77813607,23.53633887,25.39990251,24.1086281,23.49180643,22.39959471,21.48945755,21.65643773,21.5995181,18.29774954,17.0302785,16.84367744,16.01886555
Honduras,25.99629023,26.86429464,25.8274206,28.95676416,25.77244966,23.93745086,21.51755949,22.9262739,27.08035231,24.91442056,27.32635926,32.1934758,33.59737883,22.0079149,21.55586964,24.44077775,24.37101579,23.58542028,22.28544003,23.68302964,22.0345381,23.53214833,24.74735561,22.84076389,18.97756933,22.89569277,23.53872266
Heavily indebted poor countries (HIPC),18.82510371,16.75803071,18.34347629,18.22587108,18.74419242,18.43584485,18.51224449,19.45236929,20.31785235,20.41567797,21.17931141,22.25107836,22.43888959,21.94036802,22.81277992,23.28709443,22.75088515,24.36426526,25.20918767,25.19001087,24.38830399,23.69111988,24.8651081,25.08355924,23.99699913,24.00718812,22.50916188
Croatia,18.18092975,21.47592062,20.76945514,21.00589303,19.91665771,20.41369495,22.12702441,25.55631673,25.42257565,25.17604343,26.29043893,26.48586623,27.83628413,24.87688822,20.87520249,19.8687532,19.27159499,19.33556198,18.9557052,19.2264627,19.70595461,19.61057584,20.01458532,21.23831506,22.18066563,21.04815192,19.63385122
Haiti,,,,,8.322396028,8.048111786,9.495958345,16.67925857,11.40765728,9.815927738,14.35277123,9.224667542,12.61716207,12.60692423,24.98821766,20.99674949,17.50923441,17.88085932,16.55686633,13.97372864,13.59222789,16.87697985,16.05109201,18.53625002,22.7656568,18.10595494,15.86213942
Hungary,22.87486986,23.24748488,24.14900844,25.0810609,25.50240723,24.85239014,24.71441349,23.62518244,24.04047758,23.83393274,23.49223215,23.69264302,23.344081,22.63965806,20.06946093,19.53729601,19.14969708,20.79615898,22.00980792,22.1722087,19.49480242,22.14800463,24.73091414,27.00270694,26.51764865,27.24123967,28.1833938
IBRD only,23.70899146,23.75748974,23.59616099,22.8772701,22.99855816,23.63092322,24.11012708,25.05237072,26.04532101,26.29033489,26.70974685,27.68014748,28.68135893,30.28810809,30.05031436,30.50239217,31.08385246,31.40278053,31.46289778,31.7580981,31.28025491,31.16059084,32.23897313,32.18336659,32.43251998,32.57181006,32.16464059
IDA & IBRD total,23.17124823,23.15291497,22.909959,22.75762755,22.84458099,23.47494365,23.80444594,24.75281225,25.68103131,25.93773931,26.30627621,27.27915848,28.18513639,29.7176584,29.54866274,30.0939504,30.62572591,30.93093903,30.95453367,31.2365726,30.87825826,30.86969214,31.95437193,31.87784434,32.08072751,32.32435749,31.90353848
IDA total,19.67318659,18.4741495,18.3156307,23.43020852,23.5167564,24.05282382,22.7248962,23.85345383,23.59622238,23.65016154,23.28635056,23.37142192,22.55435967,23.38418513,23.17998605,21.69077734,20.97252253,21.73529045,22.11702937,23.2792327,25.00672081,25.94735348,26.63597615,26.4802485,26.16855225,26.66534299,26.25197604
IDA blend,,,,,,,,,,,,,,,,,,,,,,,,,,,
Indonesia,29.60236064,28.30767706,25.42950667,20.13875931,19.85085445,19.6726582,19.42916405,19.50605922,22.44861697,23.64051177,24.13099153,24.94694364,27.69859122,31.11476656,30.99940883,31.30745404,32.71962807,31.96577957,32.51674144,32.81192658,32.5777315,32.16063886,32.28849709,32.34688455,31.70975645,30.79430498,29.08489674
IDA only,23.03116761,21.56470009,22.11803742,21.75497863,21.94417228,22.70018756,22.62265372,23.96124205,24.22720528,24.78233397,24.5834783,24.15234741,23.03481616,23.05101499,23.86993576,23.48768475,22.86420331,24.20364913,24.63838841,24.90105487,25.7053452,26.20802519,27.64903234,27.72812248,26.88398434,27.34395418,26.70097139
Isle of Man,,,,,,,,,,,,,,,,,,,,,,,,,,,
India,24.52478712,25.35005215,25.45876778,27.53509242,26.02178485,29.93230964,28.33252481,28.33482571,30.70814142,32.75533704,33.58489158,35.81287812,34.71795935,33.95162693,33.23001466,34.31341623,33.43693432,31.29580503,30.08023705,28.73314413,28.18843897,28.17781654,29.46306814,28.45454433,27.25042452,28.91392466,29.15929321
Not classified,,,,,,,,,,,,,,,,,,,,,,,,,,,
Ireland,19.8192153,21.04640572,22.52567405,24.15987572,23.74204838,23.93639095,23.59308667,24.91107206,26.95025164,29.82892664,30.98669163,28.70708245,24.84211873,21.16312455,17.57705835,16.68973753,19.62276525,18.61532046,20.59489924,24.04684179,35.88627655,33.04351046,28.39500737,54.27419091,42.07697032,22.33310758,21.63319066
"Iran, Islamic Rep.",31.46451891,32.65023332,32.63835334,31.84427349,31.30545392,35.79939754,33.24578326,32.6580827,31.23817549,28.55716877,27.24709615,28.342124,31.92269305,30.85489639,27.35283332,29.05372873,30.05396543,27.44560637,28.5708134,25.3650139,22.12070854,22.00580072,22.62917067,23.21472772,28.47389957,26.84291114,24.72224922
Iraq,0.734463064,1.675254009,2.406094647,2.189213452,2.918028353,6.127233303,5.360612076,10.65095828,5.368255366,13.84722113,17.69171548,6.75640343,14.80043431,10.31147596,16.19896164,17.1424862,15.00237875,20.11666115,20.96528602,26.01721793,14.57576961,14.5851499,14.17051412,19.76406121,7.769075463,8.243429061,
Iceland,20.75338925,21.75546273,25.71343574,23.55165138,24.55524397,23.17086202,19.80814884,21.43241997,24.88397773,29.60815767,35.40943001,29.4240779,25.36718539,15.33208035,14.08254621,15.36753006,15.98291828,15.60199137,17.15826402,19.33302481,20.9356602,21.772501,21.8372913,20.8505632,21.28144203,22.30458049,22.28864995
Israel,28.63823948,27.38966583,25.59332425,25.29237571,24.05687201,23.49735004,23.25700696,22.1442439,21.4813552,21.9779184,22.3224277,23.01688711,22.57352148,21.12355319,21.30510028,22.66356283,23.39227082,22.43062433,21.78866319,20.98427694,22.25509266,21.93919893,23.1388713,22.73087796,22.33679351,23.5096584,24.56741898
Italy,19.19718337,19.16567958,19.48714153,19.8808492,20.73080352,20.72107006,21.36339927,20.87531509,20.96412703,21.28165423,21.58037281,21.66055729,21.2778792,20.11051599,20.02422423,19.71387151,18.30905945,17.20458697,16.72216809,16.93546701,17.17099697,17.48077615,17.84613698,17.98923941,17.96891695,20.49117497,21.94249093
Jamaica,25.35069118,25.56868046,22.47331648,21.10368838,23.20499937,25.73754561,27.17323161,26.08290022,26.36635344,26.73531579,28.06565044,26.12733054,23.96786185,20.85735983,19.90039739,20.94249868,19.63989754,20.98700087,22.01837599,21.21467008,21.19206689,22.13348109,23.28088628,24.09330218,,,
Jordan,29.41607623,25.79175832,21.1683126,23.40999948,21.11457482,19.41952009,18.94760082,20.6233486,24.78587055,30.62763288,25.4519737,27.4834519,31.51713265,30.73718974,30.85387849,28.44651511,24.32265783,22.35244113,22.2308634,21.83103055,20.0397467,20.14759365,20.39079195,18.36883248,,,
Japan,31.57566602,30.58371941,29.28258366,28.90206391,28.48714191,27.7309731,26.2604182,25.71335382,25.32392748,25.90104403,26.04468634,25.40512686,25.29281552,23.62429345,22.61965942,23.3511623,23.7736493,24.55652696,25.08454909,24.97145617,24.76068429,25.00734984,25.26776759,25.54757857,25.51745336,25.59399308,26.18874692
Kazakhstan,17.22592631,16.25251436,15.71859674,16.17980018,17.3182862,23.73057866,24.02169989,23.04127041,25.08331368,27.96459987,30.19844501,30.0175388,26.84117976,27.79172627,24.32734736,21.46470236,22.80315637,21.88218786,21.55591068,22.88152096,22.71926427,21.69754106,21.17682655,23.46743295,24.71858242,23.03897125,21.35985044
Kenya,16.00905817,15.38790076,15.67521329,15.59143148,16.70880651,18.15155736,17.23687985,15.83820913,16.25922348,18.69911176,19.42443802,19.96472911,18.86492382,18.28649163,20.84705765,20.70863906,21.58503823,20.78578554,23.88473367,22.09103677,19.39173807,19.89572218,19.09799539,18.96157028,19.32158446,19.6862574,18.71820884
Kyrgyz Republic,22.40879001,12.39013612,12.88332251,15.72111439,18.02664414,16.79752583,16.25782175,13.63074898,14.56173616,16.00607339,23.03302018,24.62104742,26.77929209,28.21155047,27.76471133,23.69125257,31.39140397,29.55950946,32.49102807,32.58800333,31.79472602,31.46573915,31.65044919,,,,
Cambodia,12.67608988,13.41961396,12.38631286,15.97892865,18.31048256,15.8288991,19.02879834,18.67142638,18.34002115,18.88709966,19.3459009,19.77119147,17.26702365,20.12561078,16.19407014,15.97177312,17.36127117,18.94596076,21.03975951,21.4349625,21.68519553,21.89772048,22.55102953,23.35811454,24.02431502,22.87743724,22.01147634
Kiribati,,,,,,,,,,,13.71837259,13.47517596,11.99023497,16.36091427,14.1152977,18.28249755,24.88713848,30.28551819,29.64381787,42.75524717,34.61234141,29.44349593,20.97254753,18.87769841,18.1970155,21.03969828,
St. Kitts and Nevis,,,,,,,,,,,,,,,,,,,,,,,,,,,
"Korea, Rep.",37.49768005,35.64788899,30.76725477,29.99291575,31.75018078,30.75245399,30.37951488,31.2643232,31.03188414,30.47684688,30.49343105,30.15357448,30.99587469,30.86709337,30.22701607,30.15433671,29.55422754,29.09264681,28.95781759,29.01060204,29.7194372,31.51154694,30.37558992,30.08587538,31.30038642,31.648547,32.16934019
Kuwait,,,,,,,,,,,,,,,,,,,,,,,,,,,
Latin America & Caribbean (excluding high income),18.48741951,19.32311739,19.62848093,18.5604288,18.91030987,18.14100989,18.18861198,18.13892954,18.66104622,18.76057378,19.40702259,20.11783958,20.97482313,19.96407884,20.73470849,21.00691293,20.99009638,20.7621383,20.26063848,19.65200009,18.43796438,17.91313962,18.41016637,18.14972167,17.77271663,18.94431955,19.37901808
Lao PDR,,,,,13.41565796,13.54360717,29.04042318,27.77152163,31.75424351,34.0580868,30.06954104,32.31224303,31.68198579,33.93847055,27.46248774,28.06780252,32.50425528,30.64732204,29.8013514,31.5566516,29.0076541,,,,,,
Lebanon,34.79249868,29.46391753,28.40644002,22.91118484,21.02613374,20.77272898,19.39941812,19.78860446,22.36727236,21.98658012,21.91662014,24.48520939,27.31841287,28.04248077,25.03619096,25.63542698,25.29712806,27.01256804,24.37542436,21.71920203,22.59222288,21.39405689,21.78162765,13.55915499,8.098176142,5.359484461,
Liberia,,,,,,,,,,,,,,,,,,,,,,,,,,,
Libya,13.46469622,11.90896883,10.96374196,9.205321827,11.6365677,10.45542636,12.94018145,8.948526175,13.96134142,15.167945,20.98479695,20.69777594,22.05851304,25.03804496,21.79888074,17.39445278,15.93616387,16.75947629,23.20251724,17.09444769,19.43348483,16.18314755,16.07430315,15.8379933,27.2303503,12.57882638,
St. Lucia,,,,,,,,,,,,,,,,,,,,,,,,,,,
Latin America & Caribbean,18.69987374,19.8969088,20.24853867,19.02158471,19.14564811,18.53114993,18.35884569,18.02619802,18.58084794,18.87801394,19.49569641,20.33934056,21.12029921,20.23024436,20.51558635,20.86808467,21.14598754,21.07184659,20.5812064,19.90248111,18.72191042,18.18653108,18.80472483,18.61070043,18.06399858,19.27503473,19.72233559
Least developed countries: UN classification,,,,,21.69955113,21.97291904,21.88291288,22.65070844,23.2535313,23.21908767,22.80293082,23.32402068,24.10782061,25.7067693,23.95983637,24.2276597,24.09480584,24.39613999,24.96722853,24.68132824,25.34263987,26.1578054,27.39380801,28.36167726,27.86784504,28.25834347,27.81032047
Low income,,,,,,,,,,,,,,,,22.14838314,20.05503069,20.68691381,20.55866671,19.78434751,19.37770606,20.47169598,21.76720168,22.86592153,22.05016062,21.83975875,18.76593701
Liechtenstein,,,,,,,,,,,,,,,,,,,,,,,,,,,
Sri Lanka,23.89041931,24.3602805,25.11959889,27.28190068,28.03609311,22.00116811,20.0732624,20.0384314,22.63792417,23.37195071,24.8720514,24.72101508,25.28656566,23.73051643,,,,,,28.25862349,30.08910024,31.60018791,30.74196308,28.54616773,25.52282211,26.30873722,23.37288406
Lower middle income,22.47352448,22.79477576,22.73351918,26.06242918,24.74410637,26.79979084,25.49871116,25.72791429,26.8209093,27.28063075,27.38576287,29.61565829,29.24851425,29.51454433,28.5122446,28.48445721,27.80430357,26.3297583,26.07999078,25.9624049,26.38710378,26.90993693,27.67655778,27.0443566,25.75675993,26.81354525,27.10683479
Low & middle income,23.31619025,23.04670648,22.7131977,22.69836098,22.86968267,23.57464798,24.01277633,25.07118242,26.04999578,26.25937038,26.56558118,27.37050257,28.30331052,30.11115699,30.06942358,30.53173214,31.02914898,31.33880868,31.38021051,31.48526172,31.17272962,31.21073651,32.34419268,32.21944749,32.43148711,32.44931508,31.9821106
Lesotho,,,,,,,,,,,,23.5298086,26.36866221,28.37755119,29.35201536,28.031808,35.94741498,30.99269993,29.38948372,28.33961471,26.41747896,27.39383241,25.97845662,26.16599603,24.14566435,26.36250532,28.71032093
Late-demographic dividend,25.32861268,24.85122183,24.6014026,24.23919142,24.57223556,25.46212716,26.0660831,27.29251052,27.84985708,27.72023955,27.66331352,28.45036145,29.38307522,32.13785365,31.92801516,32.04256907,33.00101087,33.5515341,33.68120839,34.16742624,33.98613651,33.68669465,34.62656666,35.30076852,35.80077934,35.27834313,34.63664694
Lithuania,20.58292999,22.37356829,23.88548636,21.9527197,19.1491129,20.54055247,20.72070476,21.56324842,22.92027918,23.40990479,25.95445671,28.60504414,26.06644989,17.88495489,16.85926787,18.45988437,17.3241687,18.42169394,18.86999074,19.61116646,19.85769453,20.11479151,20.9400674,21.50405971,21.38189646,21.70652426,21.41294637
Luxembourg,19.83972967,20.62700261,21.16744906,23.15958641,20.62506061,21.87915949,21.30267872,21.04899756,21.24328209,19.34779138,18.21505429,18.91763814,20.14408357,18.01924742,16.8240878,19.21325376,19.17753161,18.45427294,19.1517355,17.30945547,17.2848389,17.81132299,16.20341216,18.08013544,16.6935457,18.18216782,17.5147893
Latvia,17.76949108,17.60094174,23.79556267,22.84659773,24.97979905,27.11702515,24.30555894,24.68445567,28.60067788,31.01558451,33.85550064,36.19514782,31.86097111,22.22503275,19.05169621,22.99960433,26.02573245,24.27654654,22.7965129,21.86301259,19.30801483,20.5992581,22.11824177,22.02885506,22.42532929,22.37375698,21.74577286
"Macao SAR, China",18.67282331,18.49001915,16.13813194,15.67611986,10.24296934,9.206706343,9.483282675,13.15252392,15.32758661,24.87296618,32.64657939,35.945904,29.62837778,18.37749401,12.47804174,12.32373628,13.51773502,13.34850476,18.97239781,24.80122766,21.8899163,19.82462084,16.75700912,13.84352364,26.49959747,22.26551471,23.37111796
St. Martin (French part),,,,,,,,,,,,,,,,,,,,,,,,,,,
Morocco,21.81301906,22.75862949,21.78202759,23.62427329,24.36437542,23.27573127,23.62154013,23.26215601,24.61435436,25.79361334,26.38507475,29.23124671,31.26828599,29.07735876,28.33170386,29.00323638,29.95437078,28.42132298,27.01591885,25.86977875,28.68359944,28.1354693,27.85857533,27.19270936,26.22568607,26.32877471,27.1264767
Monaco,,,,,,,,,,,,,,,,,,,,,,,,,,,
Moldova,19.74840341,19.89703907,22.05159046,18.43882679,15.43405879,16.74387743,16.32294812,18.56430356,21.18771229,24.58815468,28.35834786,34.10391166,33.99666253,22.59638675,22.52427922,23.16204598,23.63391139,23.03386043,25.98955143,24.02805472,22.22960275,22.42560473,23.34427133,23.39386987,24.93836091,24.08838845,22.53576624
Madagascar,9.526116187,10.1519133,12.24653094,12.2933453,11.93054641,14.50921734,10.97024314,13.72456569,21.15102512,19.3271127,20.311268,26.33136613,37.7908727,37.15833588,25.88589412,24.68602481,23.36572814,19.75481036,18.27815069,18.95947254,18.97725542,18.13942399,21.03202232,21.24780392,19.52815732,23.16619819,19.50223914
Maldives,,,,,,,,,,,,,,,,,,,,,,,,,,,
Middle East & North Africa,25.31414477,24.67092887,25.17253057,23.41084668,21.16858321,22.91190932,22.76770086,23.00819494,22.5290832,22.25927574,22.33149073,24.1405881,24.61336798,26.10904147,24.69244268,23.87426691,23.2033499,22.73683993,23.46271716,25.10228346,23.90986833,22.7038492,21.67345219,22.4455388,22.49991775,22.01655084,21.65082104
Mexico,17.7149735,19.39479925,21.01535555,20.89902376,21.23036152,19.67343653,19.367931,20.10404131,20.78090723,20.71034972,21.67994819,22.35488185,23.55917396,22.77438581,22.55309715,23.4720688,23.68820734,21.99018578,21.67130707,23.164183,23.72771944,23.22553977,23.04747279,21.6286771,20.07157242,21.14225928,22.43624466
Marshall Islands,,,,,,,,,16.86382917,19.08543892,27.87700265,25.08278883,20.68591996,35.82919525,43.68526916,19.37506529,16.15388416,24.09096463,19.70999538,17.78586109,19.63631173,22.63170897,20.70073454,49.94153565,20.0341228,19.51205118,19.839118
Middle income,23.39097862,23.18473011,22.84744001,22.86748475,23.03396176,23.71045587,24.16874138,25.19295052,26.21095707,26.41200715,26.73337262,27.57071206,28.57523795,30.42496243,30.30393408,30.67272407,31.18561353,31.48371507,31.53559696,31.66488457,31.34972952,31.37410031,32.46218427,32.32972984,32.55753371,32.55889015,32.13262479
North Macedonia,16.51700226,16.47526615,16.56933712,15.78825274,20.42783717,22.12898139,21.42191422,20.19285879,21.32691801,19.17120283,20.18307251,22.75368809,25.83937911,24.63617464,23.1417621,23.62221179,23.44553174,23.78424797,23.49103824,23.90661843,24.44422028,22.55794314,20.03198775,21.04223721,21.59125652,23.45544117,
Mali,22.29374932,22.11210123,17.72840386,16.32078126,17.6676668,17.18309198,17.1933893,18.96748221,20.18723796,20.24107066,20.20712133,20.49818121,23.03287468,20.2112848,20.77445023,18.65661734,14.81874453,16.91058564,17.910166,18.35565181,18.5852839,18.24986088,18.69789111,20.04255437,19.86350826,20.14666697,18.51662759
Malta,25.01494719,22.88753436,24.04936066,22.13416213,22.70319741,20.44285974,16.71268563,21.12073451,21.02970523,22.83668696,22.47817139,22.94866313,20.03686461,18.28427384,20.99256224,18.16215557,17.60599715,16.52387262,16.65981726,24.19964223,22.68305347,19.91250234,19.31284423,19.84623799,20.15564206,20.31575378,25.26022963
Myanmar,,,,,,,,,,,,,,,,,,,,,,,,,,,
Middle East & North Africa (excluding high income),25.11865987,24.24227539,23.46949219,21.82452514,20.31490106,22.67227928,22.73726525,23.56088239,23.14192533,23.08375288,23.1353411,23.43487267,25.16402686,25.13319235,24.48662176,24.80517343,23.81201078,23.31548772,23.80920348,23.2568406,21.60197694,21.64473872,21.82338494,22.25791957,20.20041387,19.49341233,18.63692836
Montenegro,,,,,16.8735262,17.50299202,14.6223811,13.29887268,17.13228605,17.97961867,22.81938525,32.87853907,39.21584929,27.34860312,21.6422887,19.51095648,19.75032351,20.1666567,19.00340725,20.14706752,24.74513879,26.92204003,29.24923817,27.30539839,27.85980729,22.12192409,21.51396231
Mongolia,24.53694255,23.04012848,29.01599893,29.93417204,25.20263292,21.53753236,22.14658372,29.12034282,27.81918237,27.93802787,33.30225475,35.10882266,36.21504548,28.88899439,34.48631901,48.41232992,45.11627824,39.26364519,28.57375845,18.27690081,18.66465984,22.34895977,26.8454271,27.98345509,23.57817824,26.83534361,29.81355994
Northern Mariana Islands,,,,,,,,,,,,,,,,,,,,,,,,,,,
Mozambique,,,,,,,,,,,,,,,,,,,,,,,,,,,
Mauritania,33.58060234,28.84549826,26.61905507,28.81937275,31.91026677,32.24255197,41.98003038,47.55897247,44.77638431,40.72689796,36.39660723,42.20753566,37.2007686,36.39422897,33.27886701,29.42613335,33.23475775,32.72077394,37.96432977,34.30246438,29.00153987,30.29026704,32.94389088,31.75369521,24.70921404,28.32760164,25.84604791
Mauritius,24.83314036,25.78257096,22.8600346,26.9262282,22.54325021,22.30875269,21.42301521,22.49562215,21.70748829,21.47984245,23.19513618,23.99543907,23.75656983,25.51104347,24.15759343,23.45915735,22.58273348,20.56590825,18.48128267,16.89876846,16.75081542,16.81043689,18.04670361,19.08679419,17.13532082,19.59453391,19.71750237
Malawi,,,,,,,,,,,,,,,,,,,,,,,,,,,
Malaysia,42.49562531,43.11432069,26.82572914,21.89125028,25.29201658,25.12344751,23.48432856,22.41426658,20.95484002,22.30351486,21.9550122,22.40418433,20.57032349,21.97635711,22.43539956,22.18313914,25.36344842,26.47705608,25.97449665,25.86564353,25.51778782,25.0629653,24.2004646,22.9367865,20.91401628,19.2677048,18.21350657
North America,21.13747797,21.49093663,22.14304204,22.61571244,22.90511473,22.38161144,21.43675493,21.50452343,22.02921636,22.84255185,23.0218423,22.41329078,21.44473102,19.11060784,18.81115546,19.22675225,20.01313325,20.16035256,20.67860498,20.71409112,20.55148787,20.80567339,21.05192567,21.09749386,21.47317955,21.4070814,
Namibia,20.79036198,17.32330146,20.35600869,20.31175914,16.52532497,20.86876382,20.01505163,19.10707623,18.5551965,18.59298975,21.58094482,21.73595407,24.99147682,27.59751362,24.92297352,22.372552,25.74707288,31.10172836,35.13843451,30.98773425,21.82571275,17.930968,16.86867621,15.75088656,13.66538657,16.00414516,16.11045789
New Caledonia,,,20.27447733,22.58880882,21.83343981,23.074768,24.71702902,28.85909741,25.13856515,28.44556771,34.90466501,36.08777639,41.29651685,37.46225066,43.06755264,42.856016,41.92271938,37.77409155,34.9802415,35.13271662,29.64804246,27.89317324,,,,,
Niger,10.96999887,10.4359633,10.28537473,9.349266164,12.89875928,12.9187965,13.1124813,12.97497051,14.25204718,18.22108819,19.02365022,18.80510786,25.52193999,28.42993118,31.87047036,31.56276892,28.80514017,29.59487921,30.78425958,32.6070143,27.01088078,25.79503298,28.42692229,30.37825492,28.32663504,28.53856506,28.37822057
Nigeria,,,,,,,,,,,,,,,,,,,,,,,,,,,
Nicaragua,,,,,,,,,,,24.35163836,25.60277474,26.94803222,20.31494384,21.17421266,24.6183537,28.06490506,28.34419769,27.3333917,29.26371917,27.64390774,26.76136912,22.3850818,16.45736946,18.19221626,23.247676,21.44807358
Netherlands,21.57127312,21.68157899,21.84607971,22.91761531,22.53416429,22.14364127,21.08345622,20.59944229,20.29224276,20.41340902,21.0409446,23.29344122,22.11703374,21.30586612,19.69658332,20.13733953,18.76131376,18.35636516,17.59157782,22.10597558,20.00107294,20.14100192,20.42579527,21.2541587,21.71129775,21.18168546,20.8510989
Norway,21.82242441,23.55100145,26.50378153,23.45192872,19.79946088,19.49903875,19.3890592,18.84157023,19.58975976,20.2992233,20.86894027,23.4914036,22.48545555,23.1530197,20.63783344,21.38192816,22.3052199,23.4320551,23.70873205,23.68957342,25.05851186,24.35633202,23.77421342,26.62682165,27.43655706,23.20342291,19.6651602
Nepal,22.53036201,21.67243586,21.73045921,19.08249424,19.32182309,19.19511668,19.56477735,19.92418194,20.34116505,19.94173855,20.720886,21.06778122,21.87755162,21.35434374,22.20772753,23.98238727,23.9904074,24.73023144,25.25208469,27.55380746,28.70522169,30.5754364,32.43288003,33.81512568,30.46922052,29.33583946,28.45338263
Nauru,,,,,,,,,,,,,,,,,,,,,,,,,,,
New Zealand,22.34498175,22.1495015,20.55866549,21.87513799,20.85047439,21.48673006,21.9372545,23.25711755,24.21793619,24.74576063,23.91339736,23.91293867,22.70044244,20.17323102,19.75096143,19.96526229,20.75737164,21.34471397,22.474966,22.86480771,22.54793177,22.92257894,23.48913075,23.45886652,23.15227505,24.66655042,25.83222992
OECD members,23.59884594,23.26262553,23.17031567,23.45826947,23.75661388,23.02994953,22.17501346,22.12865314,22.37185168,22.9045585,23.26663919,23.17866056,22.78603348,20.92111487,20.56301941,20.95399493,21.22138918,21.13856409,21.34352326,21.54913293,21.60053222,21.8484905,22.01846888,22.25010745,22.34174473,22.26328696,
Oman,13.6952488,17.64512686,31.03699409,22.32049625,15.45066135,17.05837029,18.64455862,21.91687855,24.36949777,22.01588168,23.86938052,28.66548196,30.61872809,33.30616334,21.66615646,28.55277906,27.65295891,29.9441302,29.82734241,34.01135992,39.29899263,33.32164661,30.49141655,28.95340201,31.57454109,25.6193442,
Other small states,,,,,,,,,,,,,,,,,,,,,,,,,,,
Pakistan,17.37707253,16.34299876,15.04468834,13.9313887,14.60068263,14.28691682,13.25241288,13.60486618,13.94077644,14.55644806,16.57221871,15.82593743,16.2864215,15.86773419,14.25155023,12.92162622,13.45898666,13.27238046,13.19755436,14.1009299,14.23114447,14.62289108,15.35829084,13.78964497,13.10553933,12.82469221,14.0099365
Panama,24.79762816,24.66782453,27.48277861,27.46230041,26.07239773,18.70044068,16.69436033,21.00354424,20.40492716,20.70075339,22.51684125,27.86722578,31.55006816,28.97188322,29.61350147,31.13858662,35.4704586,39.28868265,40.63247425,39.43277909,38.35085835,39.33564813,,,,,
Peru,22.23647921,23.49956425,23.15266997,21.23761473,19.67007044,17.96665699,16.73093191,16.92106667,16.78855814,17.062082,17.78613778,19.98542352,23.42658037,22.1386316,23.51337863,23.3485326,25.04452592,25.30079697,24.54051551,23.08856814,21.44694504,20.60759692,20.92325188,20.97156896,19.88835285,23.40416219,23.58361203
Philippines,,,,,19.36918061,18.31175848,18.34386421,18.62827792,18.54460068,18.1815182,18.71891305,18.87398642,19.08391685,18.61541784,20.40213617,18.96663866,19.93006495,20.7830144,20.86217334,22.23164338,24.99662393,25.64292819,27.283299,27.15512521,21.30226206,22.27927959,23.33646186
Palau,,,,,,,,,,,,,,,,,,,,,,,,,,,
Papua New Guinea,17.22945237,15.28041697,13.976935,12.1023255,20.41638489,21.1598107,19.4233881,18.15193656,18.1336668,,,,,,,,,,,,,,,,,,
Poland,19.38239904,22.1272451,23.91999381,24.23628304,23.69298969,20.440971,18.40795652,18.1421988,18.33197405,18.89301687,20.40496301,22.46519602,23.10584168,21.44348682,19.72255377,20.49308688,19.58221386,18.97227576,20.12728808,20.4194563,18.47016385,17.56985345,18.7352869,18.91708601,18.3126632,16.81122121,16.80765576
Pre-demographic dividend,,,,,,,,,,,,,,,,,,,,,,,,,,,
Puerto Rico,16.73968069,17.69909954,16.85839694,19.84319082,19.20937153,16.88241601,15.8546357,15.18449124,14.89144492,14.18293618,13.55854956,13.04052862,11.71975869,10.06270646,9.065239024,9.571437255,10.19654447,9.441386042,8.815685953,8.516814913,7.959136143,7.981110826,15.47206217,15.31061655,10.38146666,11.90441943,12.58661363
"Korea, Dem. People's Rep.",,,,,,,,,,,,,,,,,,,,,,,,,,,
Portugal,23.82378586,25.99736189,27.34822304,27.59113555,28.00305059,27.38158979,25.85710467,23.7604429,23.42406739,23.12657563,22.53285356,22.50962243,22.85223589,21.20159526,20.57382146,18.42025287,15.82421995,14.75158384,15.0315956,15.5172193,15.49326574,16.78397615,17.52252723,18.10622778,19.20507736,20.1985086,20.08144967
Paraguay,19.52508148,19.17145703,16.64288526,15.92778569,15.43961905,15.61863281,15.19591919,17.74617348,18.30352661,19.14679741,19.27550655,17.88365847,18.9270604,18.53228185,21.29161343,20.94778016,19.53601451,19.05704731,19.77746253,19.39979321,19.07961837,19.19224002,19.94882278,18.70926957,19.88243164,22.93479084,21.79530956
West Bank and Gaza,34.62869545,32.76504069,32.10826491,39.38003371,30.64261869,29.05312586,25.38106755,27.94606855,24.1489431,23.86015569,20.95245218,19.9580446,17.96755308,18.1938484,18.84935186,21.07705098,20.47115101,21.72468647,21.16128294,23.6509118,23.97730666,26.00074405,26.81886881,25.23710859,22.71869789,23.87486885,25.00222375
Pacific island small states,17.78456151,18.32329507,22.09161711,22.1220164,17.30288156,18.05617129,20.56010504,24.40674188,25.95993244,20.03829513,20.01973137,18.29324754,23.62298755,20.86461705,21.96110735,21.48450778,20.22752345,25.47463822,21.14038376,22.6989677,21.41355534,21.87425171,20.98709958,21.72889539,23.6855703,24.55930898,24.6052724
Post-demographic dividend,23.76052453,23.4072589,23.25957949,23.59547966,23.90389294,23.22377845,22.30231431,22.20249992,22.3824092,22.88393153,23.20543148,23.08468369,22.70044138,20.86853428,20.46903606,20.77064111,21.05646799,20.99652203,21.19666731,21.32647639,21.31659567,21.61831125,21.81576543,21.9251641,22.12287636,22.07859061,
French Polynesia,,,,,,,,,,24.02388793,21.86584277,22.07951229,23.61924466,21.25013535,21.39111516,18.21810586,18.52256716,19.27537221,18.75121019,19.9241636,18.60473357,19.13728609,27.04675014,25.30549549,22.3068185,21.45120375,21.76367618
Qatar,,,,,,,,,,,,,,,,,,,,,,,,,,,
Romania,22.90278107,21.83560064,18.81149058,18.04815841,19.11983095,21.03970138,21.46370135,22.74012389,22.29530386,23.36294921,26.61614774,35.34257587,37.28651331,25.99758069,25.67225263,26.82616055,27.00689734,24.42612281,24.36306618,24.94786284,23.11400203,22.82602199,21.38562753,22.97937967,23.53025763,24.25226421,24.93887184
Russian Federation,20.00174218,18.2923133,16.1506041,14.38661429,16.86366886,18.88840427,17.90591385,18.41502839,18.38529929,17.7553986,18.50340951,20.99525445,22.29046107,21.9951347,21.62538431,21.32165552,21.5611849,21.94018828,21.41718335,20.6115488,21.88128167,21.98213912,20.65448572,20.90234042,21.55991978,19.67796297,20.71473821
Rwanda,14.37042637,13.80977944,14.80766112,11.97401974,12.29175555,12.78498142,12.61666494,13.16955685,14.35779917,15.14782321,14.67305139,16.28369896,20.61390828,20.27477109,19.86663318,20.5022202,22.6308845,23.67482781,22.63578208,23.95831979,27.13658528,22.71367104,22.96343029,26.9108436,25.32825933,26.66634031,24.55939277
South Asia,23.68632548,24.35816752,24.35603744,26.03795773,24.48861466,27.33054804,26.05211547,26.19531313,28.16030957,30.01994387,31.08032703,33.06850826,31.94028906,31.58631187,31.04392503,31.69958994,30.87402529,29.00031992,28.14361625,27.13286742,27.02812532,27.26204467,28.39637462,27.65282447,26.5187319,27.79531799,28.18377667
Saudi Arabia,17.30892401,17.57603917,20.52278113,19.49017453,17.35293543,18.26102456,18.01153323,18.2999779,19.15650993,19.31236347,20.45216091,23.65157516,22.80374732,25.75650242,24.43086272,22.41794199,22.11318708,23.46715414,24.92722066,29.3560184,25.60771679,23.94783499,20.72097933,22.38601384,24.09811517,24.29782946,24.63864185
Sudan,12.006718,8.9745862,10.22639508,10.34376592,24.88803086,20.53100776,21.56635179,22.07481444,23.61173192,21.2067763,22.88917699,21.30612613,20.66890797,22.3259083,20.39853923,23.26243402,19.72413162,17.1950467,15.04153415,12.80813353,9.305915263,10.76863444,9.989350238,14.30500784,5.786535233,3.465809203,2.178263977
Senegal,16.39047513,15.8480599,18.74498021,18.288025,19.22532556,18.95422172,20.43210366,17.41022765,17.49768951,18.29401751,21.21406104,21.0584702,22.58270964,19.89218173,18.51659371,21.01603684,20.70243272,22.16891755,23.47965057,23.00062527,24.0062999,25.90991107,28.34087389,29.58026078,30.40996555,34.03053515,35.85126894
Singapore,37.87638867,38.4332093,38.01661475,34.57356285,32.32634436,30.88704023,26.75142322,24.76629443,24.28142342,23.18799566,23.08671115,24.37568207,27.97891959,28.83745965,25.56972122,25.26491464,26.4299883,27.54821559,28.12820922,27.2222709,26.00764098,25.25090495,22.41768951,22.83189318,20.81837571,21.45874293,20.64038022
Solomon Islands,6.480190935,6.591147108,7.2156493,6.903468629,7.629120287,7.911612026,5.988484743,9.036682616,9.920351709,12.60389142,11.64573132,13.10051876,13.37822111,12.79127111,17.94422201,15.01937389,16.00458847,15.59867517,13.9234338,15.97322179,15.8969027,18.13366917,17.31363498,20.4337313,18.80954268,,
Sierra Leone,11.03600435,-2.4243579,5.313475256,0.292869776,1.096810372,10.34798372,10.97859267,10.87812531,9.992712722,10.99193592,10.02502258,9.147875714,8.847354565,9.566458256,30.71427234,41.68353076,24.80399107,14.44929508,13.10971345,15.44510406,18.00017534,18.07901099,13.06092867,12.08493155,11.67368445,10.76757805,11.32147638
El Salvador,16.30272752,16.66050478,17.11870265,16.6266071,17.68298078,17.19343312,17.54815624,17.69384079,16.68586341,16.29282896,16.88830361,18.52296207,18.66742944,15.14860564,14.75309954,16.28754601,16.59620829,17.53425044,15.44477232,15.69217655,15.490279,16.02878236,17.16942375,17.75970067,17.34346621,20.15324312,20.0395091
San Marino,,,,,,,,,,,,,,,,,,,,17.3008012,19.02425029,20.35547728,20.34105424,23.4772774,18.96172751,17.51698008,
Somalia,,,,,,,,,,,,,,,,,,12.46592133,11.75094563,11.58046778,11.49507242,12.76818249,15.32252767,14.77308035,15.64961586,19.00573816,25.90214681
Serbia,10.83459156,11.69615914,11.98294285,11.13799193,12.20160757,12.20326471,15.11818932,17.14734261,19.54123192,19.43714855,21.20095206,23.76957676,23.70660855,18.69351803,17.67550007,17.50721832,20.20632547,16.47381508,15.9499715,16.97058257,17.0597209,17.73678476,20.04095777,22.464788,21.4395618,23.26787923,24.15525314
Sub-Saharan Africa (excluding high income),17.65385138,16.73282637,16.79465897,21.79106379,21.61398087,21.32227575,19.83320989,20.98624456,21.32232599,21.2970859,20.98581553,22.72229831,23.72400068,25.32767601,23.03401702,23.16359145,22.79341293,22.96394291,23.22416294,23.11686721,23.13454249,23.13184259,22.50807798,22.2344285,22.02850127,22.2736951,21.86412499
South Sudan,,,,,,,,,,,,,13.76998753,13.65213098,10.28965508,9.488777068,7.074252837,11.36777383,7.99450883,5.750756372,,,,,,,
Sub-Saharan Africa,17.69178235,16.75295657,16.8296916,21.85705331,21.62958638,21.38541749,19.86435556,20.97059783,21.31980037,21.30641074,21.00573305,22.73390252,23.72809688,25.32889681,23.04685507,23.17314482,22.8058723,22.98013423,23.25326739,23.1522677,23.17724122,23.17408911,22.55234852,22.27755076,22.06240779,22.29706529,21.89201548
Small states,,,,,,,,,,,,,,,,,,,,,,,,,,,
Sao Tome and Principe,,,,,,,,,,,,,,,,,,,,,,,,,,,
Suriname,,,,,,,,,,,38.023869,42.30244387,45.46298206,47.07651814,37.53856416,,,,,,,,,,,,
Slovak Republic,33.03255674,35.07830415,36.85565487,30.71240356,26.10992864,28.90566093,27.62310237,24.35227881,23.8382959,26.20114692,25.57760206,25.42735066,24.75067332,20.80131842,21.01727062,23.17533598,20.3685137,20.46415148,20.47748212,23.67646661,21.03150873,21.10474307,20.90392898,21.48942302,19.48783046,19.20552943,20.08267686
Slovenia,23.86738271,25.17543595,26.13347857,27.68594588,27.41531084,26.35114208,24.57274876,25.03112155,26.01553073,26.59294914,27.7455462,28.65123414,29.44296767,24.13061816,21.08158669,19.94442365,19.03171664,19.63359472,19.1075788,18.6545903,17.37911947,18.32037361,19.33303979,19.58469778,18.902699,20.24071954,21.61633157
Sweden,20.23257621,20.00298935,20.86966215,21.52582431,22.25981676,22.6799125,22.05257519,21.64560609,21.88203353,22.41156432,23.22937609,24.1664704,24.54636277,22.49378735,22.49040948,22.89398469,22.72352278,22.4454838,23.22846774,23.75343565,24.21052083,25.13648371,25.17963857,24.4097624,25.11553947,25.59183736,27.13056261
Eswatini,16.33204762,16.53613808,19.1038818,16.67688859,23.5397818,23.69216594,21.41144544,19.28869007,19.37128699,17.35169279,16.47375373,16.03927031,15.69790204,15.38076976,14.48176991,12.89588846,11.82454789,12.22131592,12.59502343,12.51467246,12.83995747,12.83070848,13.24586775,13.65784688,12.26301298,13.62555642,11.78760392
Sint Maarten (Dutch part),,,,,,,,,,,,,,,,,,,,,,,,,,,
Seychelles,39.79035771,27.77503544,33.87292453,41.24859903,24.91839395,40.39510028,27.58813456,10.96298318,17.41606427,23.86914095,30.32222386,29.22442943,27.643034,28.02186651,37.02005583,34.80536241,37.71355117,38.54954411,50.84951941,52.24727632,53.52516831,54.43023091,55.40953703,53.95052281,56.46679535,47.47965306,46.63947786
Syrian Arab Republic,23.60488495,20.85172533,20.5512345,18.76541341,17.25492277,20.3448021,20.32121387,23.24423761,21.66721525,23.01701099,21.51981807,20.39431167,16.69587347,17.91570215,20.45890005,21.63094272,12.78803984,14.45627995,8.236289504,12.96354403,7.880459083,8.970801756,9.030304479,7.388676727,6.874586264,8.70348526,
Turks and Caicos Islands,,,,,,,,,,,,,,,,,,,,,,,,,,,
Chad,14.9647881,16.33063858,14.14549089,16.97228096,20.94154918,36.57923975,59.72306926,48.60098273,22.74035768,20.59183927,22.00552962,21.38259615,21.3059537,29.41672013,33.62210713,28.28036759,31.10026433,28.58269226,33.17319488,27.81496756,23.64359954,20.53762346,20.86751428,21.41343297,20.55507851,18.97331761,14.52886197
East Asia & Pacific (IDA & IBRD countries),32.11765826,30.72367508,30.24503986,28.80621192,29.33029369,30.33178878,31.3251652,33.6662491,35.14897088,35.49528486,34.95533867,34.62181048,35.91443931,40.17863823,40.17142874,40.33405841,41.06433074,41.41415627,41.04782063,39.84880589,39.35006167,39.61979539,40.5629722,40.43258872,40.12286374,39.92585411,39.74538058
Europe & Central Asia (IDA & IBRD countries),20.75281272,20.97935782,20.72598579,19.47647451,20.65914912,19.6893602,19.30548981,20.11796251,21.48680269,21.75942839,22.9926135,24.77875985,25.18889895,23.00665982,22.73057656,23.08148617,23.04669104,23.29967485,23.21423011,23.46231647,23.4342424,23.20506819,22.45530344,22.11280242,22.43771132,21.25995537,21.74507138
Togo,17.15458983,12.97278557,16.35188659,13.37077481,14.68156855,15.41722006,15.85815049,16.033996,15.03759083,16.0606053,17.96230937,15.93047518,16.74672872,17.25368841,17.89310981,21.5932896,19.5498564,19.95178422,23.33003669,25.10284498,22.34680116,16.96880019,17.81567906,17.77229744,19.62240549,18.27738616,21.21193136
Thailand,41.65494619,34.61143746,22.15178687,20.41001072,21.57492771,22.48036998,21.91158521,23.03190143,24.86419159,27.71262281,26.84663223,25.4562514,26.44771585,23.10895489,23.9927018,25.83636938,26.99365284,25.3835377,24.661391,24.52848915,23.71362635,23.10836493,22.78622637,22.57295117,23.21263719,23.53912206,23.40098891
Tajikistan,13.2976978,17.67921652,13.42423681,16.62608178,7.42150333,8.982759966,6.295736675,8.037551981,10.3773126,11.11897427,15.48226069,23.22560995,24.51798724,26.29323509,24.48931684,28.59290149,21.72324828,24.18944502,26.1845442,38.71665705,40.06913633,31.24578059,35.38852112,31.50886489,27.57368837,31.97020469,
Turkmenistan,41.29174194,38.67686769,45.49481958,39.67090501,34.73865594,31.71266121,27.5596817,25.4187358,23.05361962,22.91959465,19.50195649,18.6,31.7,46.6,51.8808272,51.93184421,47.2,,,47.27962713,46.96634095,40.83989996,28.26870107,22.61017592,22.35540617,18.0962257,
Latin America & the Caribbean (IDA & IBRD countries),18.85310245,20.05290401,20.42702931,19.10162609,19.24587512,18.70597002,18.62676777,18.32686275,18.90310405,19.18220566,19.77966794,20.6619605,21.4485084,20.62630908,20.863189,21.20089007,21.48202917,21.41546393,20.92950377,20.34243385,19.13989145,18.52156619,18.99830851,18.81721286,18.44745794,20.34615248,20.74445273
Timor-Leste,,,,,37.96993004,31.90291626,27.35652261,21.67400601,16.65164756,15.63755224,11.96445776,18.51161598,31.18674478,48.72170631,42.68687268,70.10857961,57.60081168,40.24656247,41.07564362,35.51871167,37.97261255,32.67005104,32.70710629,22.94374934,13.70112686,14.19515356,10.02965283
Middle East & North Africa (IDA & IBRD countries),25.0422891,24.17073689,23.3932743,21.67491845,20.23102127,22.62476891,22.71935756,23.5305416,23.13514415,23.07883745,23.1478843,23.45268145,25.20150668,25.17425385,24.52130875,24.83089978,23.83534189,23.32883764,23.83254735,23.25297692,21.57692085,21.59664546,21.76470149,22.22123666,20.16970936,19.43938081,18.56306814
Tonga,25.4911356,19.26659272,20.06686142,19.86117851,19.98576402,24.22054597,24.66262187,20.85033281,20.5447625,22.14302986,20.94684218,21.53245241,20.7819305,24.62648047,29.8098199,28.23940748,35.01947135,22.2589575,21.16101458,22.55334413,23.73551333,25.83258726,21.87279732,24.3768825,23.23072775,23.23536621,
South Asia (IDA & IBRD),23.68632548,24.35816752,24.35603744,26.03795773,24.48861466,27.33054804,26.05211547,26.19531313,28.16030957,30.01994387,31.08032703,33.06850826,31.94028906,31.58631187,31.04392503,31.69958994,30.87402529,29.00031992,28.14361625,27.13286742,27.02812532,27.26204467,28.39637462,27.65282447,26.5187319,27.79531799,28.18377667
Sub-Saharan Africa (IDA & IBRD countries),17.69178235,16.75295657,16.8296916,21.85705331,21.62958638,21.38541749,19.86435556,20.97059783,21.31980037,21.30641074,21.00573305,22.73390252,23.72809688,25.32889681,23.04685507,23.17314482,22.8058723,22.98013423,23.25326739,23.1522677,23.17724122,23.17408911,22.55234852,22.27755076,22.06240779,22.29706529,21.89201548
Trinidad and Tobago,,,,,,,,,,,,,,,,,,,,,,,,,,,
Tunisia,23.19432716,23.6717313,24.03423623,24.35497027,25.16664741,25.32507623,24.7638384,22.90038786,22.12881548,21.44992955,22.58360616,23.0432472,23.62881107,24.33347194,26.00780836,23.11084576,23.85623348,23.31005396,21.53864541,20.98144589,20.49767597,20.04626929,19.60079904,19.43514219,15.78980364,16.0397222,16.31282087
Turkiye,25.090548,26.41976369,23.45197547,19.8802919,22.21135198,17.95031005,19.47469576,20.6781401,25.17814186,26.41035787,28.47085481,27.88764402,26.65152755,22.22940394,24.63545877,27.74404767,27.05841425,28.34648202,28.74573164,29.55456639,29.10823335,29.85714498,29.76694997,25.9776206,27.52222892,28.17245755,29.16292397
Tuvalu,,,,,,,,,,,,,,,,,,,,,,,,,,,
Tanzania,16.47176138,14.7210808,22.42805088,19.5929887,18.75745859,19.57586565,19.2909067,21.69432712,25.66522529,28.54497165,31.50318589,33.88753209,36.06015286,30.99673579,30.77056841,35.09952948,32.96444487,33.95718123,33.170349,31.87113206,32.75384524,35.1589886,39.04883161,42.63047115,40.53424427,41.45960072,42.68696141
Uganda,16.97280128,16.89416181,15.92404478,19.26517924,19.23396461,19.04756303,19.96328385,20.68332567,19.9444298,22.20171675,20.92496025,21.86888229,22.74825201,24.55659454,26.64901614,26.38115249,25.78059744,31.46642041,26.23153291,23.26290743,24.8711104,24.05242289,23.75044499,24.90245625,23.5178704,23.33958244,23.44758148
Ukraine,20.72032262,19.83291405,19.58808106,19.26603379,19.7447311,19.77033266,19.20619464,20.58120459,22.42437294,21.87000492,24.38948848,27.11947448,25.90644709,18.31745583,18.01621474,18.35132206,19.40352108,17.31584986,14.13604383,13.54870699,15.45636374,15.77628943,17.647267,17.61584412,13.36597643,13.20475031,11.61068675
Upper middle income,23.75979146,23.38621978,23.03041113,22.12839329,22.66435474,22.96883581,23.93027023,25.20352232,26.19295374,26.30552108,26.68099215,27.13496601,28.47840015,30.78578618,30.86643774,31.2622697,32.04531492,32.68079606,32.84939769,33.11686608,32.70896766,32.54917728,33.62683454,33.65986403,34.25240513,33.8852385,33.32321113
Uruguay,13.96263075,16.03385353,16.38310491,15.23791591,14.31854462,13.6566726,12.35327221,12.52072423,14.36748947,16.54745741,18.23698775,18.57768777,20.55333688,18.74481977,19.07010452,19.11856764,22.15338355,21.84250323,21.43812281,19.78623652,16.94360592,16.23950718,14.81291232,14.78177397,16.04109372,17.5502923,18.4587273
United States,21.32030211,21.58283004,22.25525168,22.78767769,23.14628853,22.53850716,21.53989084,21.62262063,22.12774208,22.93463698,23.03816705,22.32301608,21.23547849,18.81013804,18.31394453,18.7369868,19.51260255,19.72242671,20.29995399,20.44916378,20.3728292,20.64816198,20.91814158,20.9787943,21.31601636,21.18619744,
Uzbekistan,23.00009516,28.31608366,27.99122697,25.24592936,22.86828849,26.81867094,20.49072508,20.09447379,21.44197048,19.87766432,21.62897813,23.51330259,26.77714538,28.351858,22.5907017,20.7843667,20.89484328,21.76175948,22.18535144,22.0905771,21.6785573,24.3510412,31.38610672,39.16500839,36.59163553,34.20966459,32.03382298
St. Vincent and the Grenadines,,,,,,,,,,,,,,,,,,,,,,,,,,,
"Venezuela, RB",15.27174728,25.47542983,28.56885295,23.70314232,21.01469911,24.04727605,21.92442842,15.46949283,18.33719525,20.26847761,22.33397603,25.02229036,22.10053177,23.52871748,18.68203357,17.73071243,20.30945762,22.21761358,21.62255448,,,,,,,,
British Virgin Islands,,,,,,,,,,,,,,,,,,,,,,,,,,,
Virgin Islands (U.S.),,,,,,,,,,,,,,,,,,,,,,,,,,,
Viet Nam,26.31894308,26.69893471,27.02116521,25.703477,27.6468031,29.15072876,31.13845327,33.35403615,33.25397347,31.27359817,31.36397677,35.10690433,31.80520121,33.85713393,35.15968653,30.56940658,28.65273271,28.30278464,28.40470207,30.17672546,29.89385929,30.54476493,30.34149304,30.36256749,30.27781762,31.67776469,31.68689882
Vanuatu,18.63356164,16.90501803,16.76084552,18.55288642,19.17950909,18.35912487,18.99707274,16.23162004,22.56206651,23.41475851,27.51640575,31.88022231,40.35380786,39.92601609,35.36371469,26.91096437,23.34507347,26.68498577,23.55342137,32.04614786,22.560119,27.14329374,26.30988767,23.84178688,46.27795938,53.22432016,53.68661324
World,23.86602251,23.56054189,23.43425004,23.6761002,23.87080999,23.41056644,22.73184692,22.82543563,23.18997952,23.67855202,24.04980178,24.30719693,24.32082094,23.58820666,23.49912898,24.00082757,24.47851584,24.63856662,24.82586211,25.06290391,24.93092173,25.16065986,25.63879403,25.86182604,26.02837512,26.11637815,25.71027487
Samoa,,,,,,,,,,,,,,,32.31231758,36.59569318,39.33882885,34.48919205,36.25847904,34.85029995,34.61368026,31.16685721,32.28915241,32.62342219,32.57910746,32.80418391,32.23608252
Kosovo,,,,,,,,,,,,,29.76445324,30.73513734,31.0111908,31.15816312,30.69589104,29.16115529,27.50480508,28.26708548,28.01159663,29.95952462,31.71126944,31.04263898,29.70619065,32.88072507,32.35767376
"Yemen, Rep.",22.6423314,24.23679472,23.65033803,18.70628151,18.9276616,19.56042383,18.48385017,20.72666583,20.27969682,18.52961866,16.3837696,17.194296,15.41591092,13.54481416,11.66106837,5.500512186,8.704292653,8.105774511,7.83241297,1.644657679,1.402435047,2.08394963,5.829106408,,,,
South Africa,15.80493778,16.15013229,16.51397051,14.84127552,14.387055,14.36330646,14.0272853,14.65691258,15.16723896,15.8783049,17.36553956,19.02161631,21.61482222,19.49086497,17.56163572,17.80936918,17.93493345,18.57871221,18.30119874,18.00895329,17.44150362,16.39880518,15.92216748,15.46898966,13.80823668,13.18371427,14.21040669
Zambia,,,,,,,,,,,,,,,25.89473122,28.72989212,24.11483288,26.03590804,31.03745518,38.45327488,36.42059057,38.80861881,35.11012042,35.75661672,29.86750782,28.51049733,25.10432525
Zimbabwe,18.0404905,18.04965093,20.60148315,2.553698826,11.79797761,12.11780113,10.17249068,13.81376201,5.107807664,2.000441269,2.224682266,5.078394447,3.28590955,9.929205707,17.01173025,14.63470971,12.14834026,9.181371137,9.609292486,9.995566525,9.807839172,9.663851194,11.04830634,10.69935177,10.04608116,12.40705787,11.32697566
